{
  "ABDOMINAL_ULTRASOUND": 14.52495179217378,
  "CLINICAL_CONSULT": 11.615970299127106,
  "RESULT_REVIEW": 4.873612874019851,
  "XRAY": 7.595469979123842
}