{
  "p50": {
    "mae": 0.7410305824343719,
    "rmse": 0.9270480762862391,
    "p90_absolute_error": 1.515903619805288,
    "quantile_loss": 0.37051529121718596,
    "coverage": 0.5133333333333333
  },
  "p80": {
    "mae": 0.9988308190841743,
    "rmse": 1.223235810800166,
    "p90_absolute_error": 1.9624859073636116,
    "quantile_loss": 0.26393219424417985,
    "coverage": 0.796
  },
  "p90": {
    "mae": 1.2855453262502916,
    "rmse": 1.5242661291890716,
    "p90_absolute_error": 2.388353466502895,
    "quantile_loss": 0.16614453878990687,
    "coverage": 0.8886666666666667
  },
  "baseline": {
    "mae": 2.502184734259581,
    "rmse": 3.548587979554098,
    "p90_absolute_error": 5.435372063277822
  },
  "model_selected": true
}