{
  "validation": {
    "rows": 150,
    "accuracy_top_1": 0.9067,
    "accuracy_top_2": 0.9867,
    "accuracy_top_3": 0.9867,
    "macro_f1": 0.8949,
    "weighted_f1": 0.9038,
    "log_loss": 0.4412,
    "mean_top_confidence": 0.7174,
    "classification_report": {
      "CARD": {
        "precision": 0.8181818181818182,
        "recall": 1.0,
        "f1-score": 0.9,
        "support": 9.0
      },
      "DERM": {
        "precision": 1.0,
        "recall": 1.0,
        "f1-score": 1.0,
        "support": 11.0
      },
      "ENDO": {
        "precision": 0.8888888888888888,
        "recall": 1.0,
        "f1-score": 0.9411764705882353,
        "support": 8.0
      },
      "ENT": {
        "precision": 0.8888888888888888,
        "recall": 1.0,
        "f1-score": 0.9411764705882353,
        "support": 8.0
      },
      "ER": {
        "precision": 1.0,
        "recall": 1.0,
        "f1-score": 1.0,
        "support": 15.0
      },
      "GASTRO": {
        "precision": 0.75,
        "recall": 0.75,
        "f1-score": 0.75,
        "support": 8.0
      },
      "GENERAL": {
        "precision": 0.7,
        "recall": 0.7,
        "f1-score": 0.7,
        "support": 10.0
      },
      "NEURO": {
        "precision": 1.0,
        "recall": 0.7,
        "f1-score": 0.8235294117647058,
        "support": 10.0
      },
      "OBGYN": {
        "precision": 0.8823529411764706,
        "recall": 1.0,
        "f1-score": 0.9375,
        "support": 15.0
      },
      "OPH": {
        "precision": 1.0,
        "recall": 1.0,
        "f1-score": 1.0,
        "support": 9.0
      },
      "ORTHO": {
        "precision": 0.875,
        "recall": 0.875,
        "f1-score": 0.875,
        "support": 8.0
      },
      "PED": {
        "precision": 1.0,
        "recall": 1.0,
        "f1-score": 1.0,
        "support": 11.0
      },
      "PSYCH": {
        "precision": 1.0,
        "recall": 1.0,
        "f1-score": 1.0,
        "support": 7.0
      },
      "RESP": {
        "precision": 0.9230769230769231,
        "recall": 0.8571428571428571,
        "f1-score": 0.8888888888888888,
        "support": 14.0
      },
      "URO": {
        "precision": 0.8,
        "recall": 0.5714285714285714,
        "f1-score": 0.6666666666666666,
        "support": 7.0
      },
      "accuracy": 0.9066666666666666,
      "macro avg": {
        "precision": 0.9017592973475328,
        "recall": 0.896904761904762,
        "f1-score": 0.8949291938997821,
        "support": 150.0
      },
      "weighted avg": {
        "precision": 0.9089615308438839,
        "recall": 0.9066666666666666,
        "f1-score": 0.9037848583877994,
        "support": 150.0
      }
    }
  },
  "test": {
    "rows": 150,
    "accuracy_top_1": 0.9533,
    "accuracy_top_2": 0.9867,
    "accuracy_top_3": 1.0,
    "macro_f1": 0.9498,
    "weighted_f1": 0.9526,
    "log_loss": 0.3652,
    "mean_top_confidence": 0.7533,
    "classification_report": {
      "CARD": {
        "precision": 1.0,
        "recall": 1.0,
        "f1-score": 1.0,
        "support": 13.0
      },
      "DERM": {
        "precision": 1.0,
        "recall": 1.0,
        "f1-score": 1.0,
        "support": 8.0
      },
      "ENDO": {
        "precision": 0.8461538461538461,
        "recall": 1.0,
        "f1-score": 0.9166666666666666,
        "support": 11.0
      },
      "ENT": {
        "precision": 0.8888888888888888,
        "recall": 0.8888888888888888,
        "f1-score": 0.8888888888888888,
        "support": 9.0
      },
      "ER": {
        "precision": 1.0,
        "recall": 1.0,
        "f1-score": 1.0,
        "support": 17.0
      },
      "GASTRO": {
        "precision": 0.9,
        "recall": 1.0,
        "f1-score": 0.9473684210526315,
        "support": 9.0
      },
      "GENERAL": {
        "precision": 1.0,
        "recall": 0.8,
        "f1-score": 0.8888888888888888,
        "support": 10.0
      },
      "NEURO": {
        "precision": 1.0,
        "recall": 0.75,
        "f1-score": 0.8571428571428571,
        "support": 8.0
      },
      "OBGYN": {
        "precision": 0.8888888888888888,
        "recall": 0.8888888888888888,
        "f1-score": 0.8888888888888888,
        "support": 9.0
      },
      "OPH": {
        "precision": 1.0,
        "recall": 1.0,
        "f1-score": 1.0,
        "support": 13.0
      },
      "ORTHO": {
        "precision": 1.0,
        "recall": 0.9333333333333333,
        "f1-score": 0.9655172413793104,
        "support": 15.0
      },
      "PED": {
        "precision": 1.0,
        "recall": 1.0,
        "f1-score": 1.0,
        "support": 9.0
      },
      "PSYCH": {
        "precision": 1.0,
        "recall": 1.0,
        "f1-score": 1.0,
        "support": 1.0
      },
      "RESP": {
        "precision": 0.8888888888888888,
        "recall": 1.0,
        "f1-score": 0.9411764705882353,
        "support": 8.0
      },
      "URO": {
        "precision": 0.9090909090909091,
        "recall": 1.0,
        "f1-score": 0.9523809523809523,
        "support": 10.0
      },
      "accuracy": 0.9533333333333334,
      "macro avg": {
        "precision": 0.9547940947940947,
        "recall": 0.9507407407407408,
        "f1-score": 0.9497946183918213,
        "support": 150.0
      },
      "weighted avg": {
        "precision": 0.9573980833980835,
        "recall": 0.9533333333333334,
        "f1-score": 0.9526110718536255,
        "support": 150.0
      }
    }
  },
  "red_flags": {
    "rows": 1000,
    "precision": 1.0,
    "recall": 1.0,
    "f1": 1.0,
    "confusion_matrix": {
      "true_negative": 500,
      "false_positive": 0,
      "false_negative": 0,
      "true_positive": 500
    }
  }
}
